{"cameraMode":{"drawMode":0,"name":"Shaded","section":"Shading Mode"},"sceneLighting":false,"audioPlay":false,"sceneViewState":{"m_AlwaysRefresh":false,"showFog":true,"showSkybox":false,"showFlares":true,"showImageEffects":true,"showParticleSystems":true,"showVisualEffectGraphs":true,"m_FxEnabled":true},"in2DMode":false,"pivot":{"x":7.871999740600586,"y":1.1260000467300416,"z":-26.683000564575197},"rotation":{"x":0.1463223546743393,"y":0.7589663863182068,"z":-0.18285280466079713,"w":0.6074826717376709},"size":0.43301257491111758,"orthographic":false}