{"cameraMode":{"drawMode":0,"name":"Shaded","section":"Shading Mode"},"sceneLighting":false,"audioPlay":false,"sceneViewState":{"m_AlwaysRefresh":false,"showFog":true,"showSkybox":false,"showFlares":true,"showImageEffects":true,"showParticleSystems":true,"showVisualEffectGraphs":true,"m_FxEnabled":true},"in2DMode":false,"pivot":{"x":-0.13175317645072938,"y":-0.6966974139213562,"z":0.242941752076149},"rotation":{"x":0.25984737277030947,"y":0.6858683228492737,"z":-0.28990083932876589,"w":0.6147840619087219},"size":2.2062740325927736,"orthographic":false}